onset	duration	trial_type	value	sample
38.37	4.0	left_thumb	1	38370
43.386	4.0	right_thumb	2	43386
48.403	4.0	right_thumb	2	48403
53.42	4.0	left_thumb	1	53420
58.436	4.0	left_thumb	1	58436
63.455	4.0	right_thumb	2	63455
68.47	4.0	left_thumb	1	68470
73.487	4.0	right_thumb	2	73487
78.503	4.0	left_thumb	1	78503
83.52	4.0	right_thumb	2	83520
88.537	4.0	left_thumb	1	88537
93.554	4.0	left_thumb	1	93554
98.57	4.0	right_thumb	2	98570
103.586	4.0	right_thumb	2	103586
108.602	4.0	left_thumb	1	108602
113.619	4.0	right_thumb	2	113619
118.636	4.0	left_thumb	1	118636
123.653	4.0	left_thumb	1	123653
128.671	4.0	right_thumb	2	128671
133.686	4.0	left_thumb	1	133686
138.703	4.0	right_thumb	2	138703
143.719	4.0	right_thumb	2	143719
148.736	4.0	left_thumb	1	148736
153.753	4.0	right_thumb	2	153753
